url_path,views_total,views_unique
/binpash/pash,124,84
/binpash/pash/tree/main/compiler,21,6
/binpash/pash/blob/main/docs/tutorial/tutorial.md,20,5
/binpash/pash/tree/main/docs,19,5
/binpash/pash/tree/main/docs/tutorial,18,6
/binpash/pash/blob/0bca2580cf002ceb4bde3ed019644219dfcf4f5f/docs/tooling/ci.md,14,2
/binpash/pash/blob/main/compiler/pash.py,11,2
/binpash/pash/blob/main/compiler/preprocessor/preprocessor.py,9,2
/binpash/pash/blob/0bca2580cf002ceb4bde3ed019644219dfcf4f5f/compiler/parse.py,8,1
/binpash/pash/blob/main/compiler/orchestrator_runtime/pash_source_declare_vars.sh,8,1
